category,revenue,profit,orders
Technology,3742771.82338,543364.59698,6352
Furniture,3264659.6214,216939.2118,6056
Office Supplies,2468847.7514,329609.96109999996,12627
