year,sales
2011,1677810.17292
2012,2002503.86132
2013,2582722.94168
2014,3213242.22026
